musteri_id,musteri_adi,musteri_soyadi,musteri_email,kayit_zaman
105,hwmkfnh,vzxmyoyvcivarp,wxhmmnnuittugfhe,2023-05-27 07:48:21
106,tggkflsk,gtdqvsvi,qrlxtlvqhxwwrvl,2023-05-27 07:48:21
107,ukukbcavxt,xtectmcrsatklmrgzpfz,iywxtbdkxbgsdnntcxoz,2023-05-27 07:48:21
108,rikhnyrloky,pvgfjdpacghd,xnteawcz,2023-05-27 07:48:21
109,kaezuwdhpapbsqhwor,dfmkv,prhzpwyffxfxdee,2023-05-27 07:48:21
110,wagwlckxmwsfnfxb,lotir,sqmvmcnigoxuagf,2023-05-27 07:48:21
111,zdswpecwsfakvpvw,orxoiuesdguscjxdvpeh,twirutzoeadbcvojkqh,2023-05-27 07:48:21
112,xnleqxwcwfpwzv,qizdbgnsvypetlnaen,uscrdsw,2023-05-27 07:48:21
113,rjodkmkacoubwuistygz,igucnhfbbvywdvzubwg,igyabd,2023-05-27 07:48:21
114,vfkbjrsjxsdcvcowoxjn,ykcwcgzwbywbnijmwcq,yyyqjkst,2023-05-27 07:48:21
115,nfmrftrsmcpi,pzfxsy,kptbtnuc,2023-05-27 07:48:21
116,fmraemx,wkczbhhdigerwlwer,eaosggepocvv,2023-05-27 07:48:21
117,dakcwgeshbdtkvbqkdkd,adwvxyyhnv,axxyibn,2023-05-27 07:48:21
118,quvjgmjdyqrfmteq,sdagsvzromgvrolrgh,ytdbkyjqynxwstb,2023-05-27 07:48:21
119,jztfsrstic,mqprhyljzryhffppq,irrriweexmfvhkldvr,2023-05-27 07:48:21
120,qbbjnwladorh,atvregxttqfmbjplavc,edtoqtwlamednz,2023-05-27 07:48:21
121,fdearfzlyapxrgzyili,ieclnrgqdyjyty,dalmdfddfochvoi,2023-05-27 07:48:21
122,amkqzmwwdboyocbop,nmngwueoe,cwujb,2023-05-27 07:48:21
123,pojcotnc,whawtvtlzibomxufk,hpuckzonsjdcvk,2023-05-27 07:48:21
124,cjdivtczxjtgp,qlxdflpn,qxazzlfwsprwrqsezmgu,2023-05-27 07:48:21
125,hgikscsnlh,cacuwefhnycyauoimvs,akfgbtnnwufkykr,2023-05-27 07:48:21
126,wbdphpfsix,xcotedktboofsoqeogqu,muvarhnpn,2023-05-27 07:48:21
127,xgznirsbbmddmaddhfb,skazapvorsblybgg,dqtdjuxychy,2023-05-27 07:48:21
128,xpkjahjhhrzuksbjxa,ozolr,gciyquzrclbs,2023-05-27 07:48:21
129,ysltvpinwvygaygvspe,msjf,kwplqcprhmzigcjxxd,2023-05-27 07:48:21
130,fjzsdblggsptvm,fdwqp,dcpgy,2023-05-27 07:48:21
131,bqohfrjgjwaku,mopoiupupkavlogc,ybbyiaocjwjkhodxwqbe,2023-05-27 07:48:21
132,zfaah,bcem,hkydxkkegeycqmed,2023-05-27 07:48:21
133,atxquapjhybljf,breo,rljyhmzqqesb,2023-05-27 07:48:21
134,ecvdbycf,fnqgdrqxveohrxrx,qyjcfnirj,2023-05-27 07:48:21
135,stvjyv,nsoilxjftjdhznlg,uzrb,2023-05-27 07:48:21
136,vsnwnlihor,bcxqi,yatdhqsjajkyupdqj,2023-05-27 07:48:21
137,bssrnciuhjj,dhfxfygzlu,qbzwa,2023-05-27 07:48:21
138,fdbuo,bqujl,lznd,2023-05-27 07:48:21
139,ejxtqmyh,sthsxlyx,lfqgjasfbduayvb,2023-05-27 07:48:21
140,vkxfancnalzduou,pgwwhbqzqx,wqfuyjn,2023-05-27 07:48:21
141,rmwscb,pzbutytrvk,zdzdjwemcjl,2023-05-27 07:48:21
142,fmsgd,clqmxuykcxtljmf,btwkhpjernndgqv,2023-05-27 07:48:21
143,njluogssdiv,yhtlfrlefrjvc,dzvlhzthpokxwrjpjrow,2023-05-27 07:48:21
144,ohcplsqqrpmkchdrvtx,fupwbsiavsvyc,xhunzftnrdfld,2023-05-27 07:48:21
145,woscrcyrqdoynr,oetgretyoaskuomdq,cbrewkeumilqxsbgp,2023-05-27 07:48:21
146,xwnaqssanaymesklbgqq,bsrlegwmklug,hkntiqbhrbqijcpap,2023-05-27 07:48:21
147,mpyr,nsvhhhgk,nhlrflj,2023-05-27 07:48:21
148,setz,laczpmtghhuevolopept,iqwnkrwghgf,2023-05-27 07:48:21
149,lpkjgzlaajsrvgioi,nhilmjgqhatvxccy,sfrnmit,2023-05-27 07:48:21
150,vpkzzoiyuhucaniphway,vicsbjaytyhchp,pfqfozgtecyjpltushnl,2023-05-27 07:48:21
151,wpcgzazfggberuidigyj,ttxgkrhvsn,sdbshgtroqtgv,2023-05-27 07:48:21
152,eqlggpronr,ufzqnxtolpxflxfzqim,fdjixbnnrswdwcax,2023-05-27 07:48:21
153,aumwsbicaqtgdrhjz,cstlzdhzog,nwodkzigicxkz,2023-05-27 07:48:21
154,offsrz,dfnkwdnxqqtkidux,lvntunhegjt,2023-05-27 07:48:21
155,mgud,rpuru,hsoatisdhqtmjihqlag,2023-05-27 07:48:21
156,gekbfjyeqq,ggtetqucokn,ldpocdutu,2023-05-27 07:48:21
157,wjpgmeuefi,guhjkfqpjcims,nreknkykqx,2023-05-27 07:48:21
158,adwc,amzswlv,aaiwm,2023-05-27 07:48:21
159,svawxgwswiekakse,jtxxgut,xtptebm,2023-05-27 07:48:21
160,teaoxqdzj,jupyusiapbhh,qsexexqovhbv,2023-05-27 07:48:21
161,hsboeziojbay,ontdgprmjgeeikddu,didwxjbvfktdxtg,2023-05-27 07:48:21
162,ptflxqcyahpuurrc,ctiackkjwrdmjwcmazd,wzixqa,2023-05-27 07:48:21
163,swnx,lrtgymduvpfdhhxfpkp,sdlyvndutuzx,2023-05-27 07:48:21
164,dpjflnlzzjvtye,axnfadg,xpogeelohhnxjkhsut,2023-05-27 07:48:21
165,outrzehsshupsgc,fcuhfandhlgrhk,gpmnuzzohex,2023-05-27 07:48:21
166,styphhygytcdvborck,okmbbdzpsomcwmvjm,gtzkedgzcmoudqiamxq,2023-05-27 07:48:21
167,vhnynxkihnxk,fpnkvtkbsiqjgzt,ucnpukzbzdsijpyicm,2023-05-27 07:48:21
168,bupqsetf,wyjlsasueuecxdlcyhvl,joxfmhi,2023-05-27 07:48:21
169,wpwnastl,brxueyefnqbv,ouiakssaozjhlb,2023-05-27 07:48:21
170,xtyry,idwf,yqmgwcgyiae,2023-05-27 07:48:21
171,tnlflifodyjvnmvk,nftoqfguwuoplv,szbq,2023-05-27 07:48:21
172,ltvnesvrqsre,afepkabmpis,lkyxc,2023-05-27 07:48:21
173,nkvdrdxmejgnqqg,fiuxuwfqtdogfkcvj,zdhwysrmbrrulgdfcvt,2023-05-27 07:48:21
174,hkyljhnnsihetotvoh,asmrpbavpffjcu,vmuhlclazmvjw,2023-05-27 07:48:21
175,wcqqvcydtvcdoxvrh,xebfmedjcht,hpjdf,2023-05-27 07:48:21
176,bxhd,lzsdvebnco,jptwwwrqhxcqui,2023-05-27 07:48:21
177,tepkundwatnbmjfg,yeejxzmgsnlfxcw,mmuuxufdrf,2023-05-27 07:48:21
178,xxeaeauercyjwhzqxo,zkbrgzxsqkpzfoxvu,lvsrf,2023-05-27 07:48:21
179,ebbpyxwsyp,grcukrvmwyovpydjrrs,uxdtmyixtcdnoj,2023-05-27 07:48:21
180,rxudmzof,eykjvwee,brciribgrvdzwulgtpc,2023-05-27 07:48:21
181,ptonqkbgycpzlkyyyfzy,xiwudixxqxwqjl,ptwjevppuakxc,2023-05-27 07:48:21
182,pyeopmghfej,qonhpoyoofbipje,zzgolgwwttmgumexfe,2023-05-27 07:48:21
183,cyki,dbhoyamoovooanfmir,mwliminklsan,2023-05-27 07:48:21
184,oktkw,wnhggso,ljkfg,2023-05-27 07:48:21
185,khfrulozswuckge,dcsozwosviuhj,ecyyecnw,2023-05-27 07:48:21
186,ysnhtsljsq,ovlbflbhwkytejt,rpvlnigkhtdfah,2023-05-27 07:48:21
187,supnzzxgkq,rgztzbbbhmbhahojftr,juxgkwcbmjmnuu,2023-05-27 07:48:21
188,zoqppanqezrlav,paduxdjbturtdba,bxjtxl,2023-05-27 07:48:21
189,infjofpuelimnscwdop,zaosh,xsxviu,2023-05-27 07:48:21
190,roifxjufddgirldj,zjnim,ideizgghnnuqj,2023-05-27 07:48:21
191,qgwwvxlufbzml,zbxmkseijzbhgqhbl,wdtcktqcagvlvwhgduv,2023-05-27 07:48:21
192,ypwce,ptefyrbryoonyymy,ftsgnopy,2023-05-27 07:48:21
193,tvcggn,qoqhtaqvslxixhkdlugi,oksfc,2023-05-27 07:48:21
194,tcsamiwkyvki,locugu,bbpl,2023-05-27 07:48:21
195,aqktdemgahttpt,sulu,ikkdywyv,2023-05-27 07:48:21
196,ziggluconv,ugtgyyv,xasiycnlytmftfbjxfe,2023-05-27 07:48:21
197,ftdnoymd,ugwhxkrkcuxpe,udywbgcxq,2023-05-27 07:48:21
198,ijtigmzmkgyuw,axhkii,olvvogorax,2023-05-27 07:48:21
199,zquqhovxpwidtyjew,iqpdcjszgbaqqkx,jtssmpgzyfa,2023-05-27 07:48:21
200,pcpxzgtzmrvz,mtevuhx,fvcwkyjc,2023-05-27 07:48:21
201,ihntruusdgqisrbcxe,iezexedmmlkjowhx,fjibdukf,2023-05-27 07:48:21
202,aitxkjmxzhlsnvty,vpdjbshcygtxzwedpy,cdpephlrsj,2023-05-27 07:48:21
203,pfopdorkf,opgmddtqwyjzvhnuc,noofklezfcfgqgml,2023-05-27 07:48:21
204,iaddsm,uthfbrnwtkvnxggi,xmmrsyjsj,2023-05-27 07:48:21
